N,Triton (GB/s),Torch (GB/s)
1024.000000,0.015685,153.390289
1536.000000,0.015656,11.065675
